,EEM,EFA,IYR,LQD,SHY,TLT,VTI,volatility,expected return
2003-05-01,,,,,,,,,
2003-06-02,,,,,,,,,
2003-07-01,,,,,,,,,
2003-08-01,,,,,,,,,
2003-09-02,,,,,,,,,
2003-10-01,,,,,,,,,
2003-11-03,0.27036256340081966,0.056467938770966036,0.09484947022563112,0.17013458901467995,0.3355755666954375,0.0258302865288387,0.046779585363626974,0.06760179031420231,0.26276818879171215
2003-12-01,0.08614803854254106,0.11448135336170831,0.39557651717112396,0.03298056829814822,0.2781003218413001,0.05666797977803503,0.0360452210071434,0.0688001295502537,0.21387849789407917
2004-01-02,0.20206204188269403,0.15075304766194678,0.12094361979464925,0.1809329442085744,0.2802774955437939,0.0016022298982791069,0.06342862101006262,0.06958537476351981,0.26677663529127893
2004-02-02,0.11503312415165899,0.25039877167724767,0.22886678751935,0.16300413525561716,0.13675377226227745,0.10160210768481653,0.004341301449032049,0.06750177652587852,0.3191269145220737
2004-03-01,0.058942786465295785,0.19452943465052794,0.15811845666067653,0.11934911768883748,0.0097890814405796,0.284486823856126,0.17478429923795655,0.06918284027275617,0.295553770451424
2004-04-01,0.0546664421836975,0.05037038219017835,0.3688555488978877,0.18458551180883895,0.16927943541584947,0.040667686678611335,0.13157499282493673,0.06403994048090816,0.25093459529501666
2004-05-03,0.05985097092762223,0.3045904277901652,0.017008560359757872,0.31278419948854974,0.24692570324909666,0.015972367091689435,0.042867771093118845,0.06975520282890901,0.09614120084314978
2004-06-01,0.0115076274349511,0.19521961961420733,0.046222135744455224,0.074830687898638,0.3733045904251939,0.04394404891817332,0.2549712899643812,0.06925489731049678,0.07146158493473691
2004-07-01,0.0029924513925175017,0.029352602944480666,0.13492117155367012,0.030458825390830807,0.4987346862475331,0.05650709089257321,0.2470331715783946,0.0584803094635435,0.03692827284629167
2004-08-02,0.003740360193974644,0.0048891231781620316,0.024956042660164216,0.1993979028253532,0.4897530319045773,0.2267659638858939,0.05049757535187473,0.04754920384917275,-0.006527604163218907
2004-09-01,0.0035322808976676915,0.034196102061135464,0.18538929188595657,0.04580912075515359,0.43892672927299703,0.28378282372998526,0.008363651397104464,0.06536181396242129,0.025404805451222638
2004-10-01,0.03182967310040361,0.014662906037694627,0.011221241881158535,0.26807077898944265,0.28710971972260535,0.3519064045137847,0.035199275754910414,0.05994603544355114,0.008494362652377855
2004-11-01,0.11807557608142805,0.029228011118712524,0.12703446717022615,0.2582599295089757,0.04580712451919078,0.28099991190505724,0.1405949796964094,0.06998720742233293,0.167059881212236
2004-12-01,0.24043056106656693,0.004307563442287725,0.15567282222594228,0.15814212879497522,0.19806248647833996,0.18363219324131652,0.05975224475057138,0.06835131716574482,0.2195828495996119
2005-01-03,0.28063164722473005,0.07955035583921838,0.09344215927912046,0.20526207825903334,0.024721290499522028,0.20541756352018295,0.1109749053781928,0.06990246825736544,0.2753200573816334
2005-02-01,0.34029106215750554,0.004234767629980768,0.06136855482952543,0.21036192038773766,0.1287711065480142,0.23837447799767228,0.0165981104495642,0.06575787965587962,0.27492875908608544
2005-03-01,0.2550524655427169,0.1415361480586193,0.07894205326446693,0.08745181464241641,0.18004294088059453,0.24913903868783482,0.007835538923351124,0.06755213084601033,0.2566405409052962
2005-04-01,0.11297299530232233,0.3661845736570944,0.05769178355231271,0.13857920008439023,0.22011240344445868,0.07296618028229421,0.031492863677127544,0.06585465806654799,0.1362666332342607
2005-05-02,0.13990098676643226,0.10518082052466401,0.015694220191581728,0.07328477095756128,0.15353202650370174,0.38129433086349956,0.1311128441925594,0.06973677065445398,0.11190127600141649
2005-06-01,0.0017266673720390255,0.037510760711907884,0.06442453656774878,0.17723029818386152,0.14999738404410976,0.47917286490129785,0.08993748821903537,0.0628832504215979,0.12794684143095475
2005-07-01,0.020384798389623728,0.03584279246889515,0.06986505847510659,0.3099519893901787,0.0932138045670442,0.45679687035370564,0.013944686355446106,0.06404103222087097,0.1200800524067857
2005-08-01,0.1090769972687232,0.026960968307646622,0.22215141297326757,0.16456720363825447,0.28454709077349216,0.04556345443553088,0.14713287260308505,0.06355592255792487,0.14264160793530897
2005-09-01,0.037176776853798596,0.03729043745184739,0.15929998892706082,0.11147495578852827,0.09861905643138708,0.3662644296072784,0.1898743549400995,0.06882509745897797,0.12562548052950195
2005-10-03,0.2295479330280169,0.08074876862367764,0.1697829970066751,0.1101723688150675,0.1942833038876491,0.17074442069092902,0.04472020794798469,0.06972473026052486,0.19814354824872213
2005-11-01,0.17227153776189713,0.18223473558000788,0.06347041783249452,0.011340984789846666,0.37405931009486687,0.10232695715233117,0.09429605678855571,0.06791136459943184,0.10631163680744926
2005-12-01,0.15457371045500468,0.2579382774593617,0.070417202888308,0.05429487830988253,0.37333838756085747,0.005975505878383351,0.08346203744820224,0.06980582245744509,0.12844258994204658
2006-01-03,0.13468881643725653,0.25052302998061743,0.040304641057779575,0.05358180657116745,0.28473290671744583,0.08771524201764758,0.14845355721808573,0.06904539397984132,0.15155479072025127
2006-02-01,0.11842764051335579,0.30531099071226775,0.013275496584764358,0.05033503469809582,0.26918421781074364,0.2227774927550593,0.020689126925713525,0.06872821885049255,0.16916760957199178
2006-03-01,0.1420195920919669,0.17840383353393174,0.11096316680904265,0.012683236985636684,0.4424241609815082,0.050337987477351374,0.06316802212056229,0.06969162765137271,0.13458764019313518
2006-04-03,0.01588438156282465,0.2977567006043632,0.1466309467571049,0.1452327121054301,0.2731472771438017,0.058160295508779214,0.06318768631769622,0.06561638817683288,0.13837510520997237
2006-05-01,0.12386575827344525,0.1913031498635917,0.11932765659865578,0.02512084447225991,0.40786778244586497,0.019939190287119705,0.1125756180590625,0.06929027199476046,0.22366155717602954
2006-06-01,0.08462035555109709,0.24916063579949252,0.06427170442564628,0.042167187101651876,0.4681146942237063,0.020452690987404626,0.07121273191100137,0.06825099220809464,0.10009684960273185
2006-07-03,0.05339681732004619,0.23054814727685946,0.09721794848956984,0.053162627454179164,0.5108501810462387,0.029700651043179944,0.02512362736992655,0.06790455364394697,0.05337848625142254
2006-08-01,0.02714758076351821,0.24270314541798957,0.10775821279403316,0.15556249373582917,0.4472224411700515,0.019605497313680113,6.288048982958697e-07,0.06674790946594195,0.04961531442723957
2006-09-01,0.0006577425360268487,0.25776640324416916,0.06238890164277438,0.04803332206375585,0.5457927956175296,0.06854249058796093,0.016818344307783433,0.05814469341015765,0.07151839899343769
2006-10-02,0.0026828390892974243,0.20774717541683804,0.1370229394910064,0.25705903820824094,0.08760812554745685,0.2859571088537644,0.021922773393395868,0.06893780097875482,0.09283706528697654
2006-11-01,0.03641675385213815,0.06962788112955065,0.1227452263905526,0.2501866847036248,5.797385396093936e-05,0.3556620513997284,0.16530342867044454,0.06997391349508754,0.15779759768798005
2006-12-01,0.04232047073202097,0.0519319751791037,0.17335981391616684,0.12227629368662554,0.06843475339930477,0.47288188054565594,0.06879481254112232,0.06534204983103013,0.2303918931961437
2007-01-03,0.10576823510380802,0.08101307223585222,0.16363709825509723,0.26086680785134764,0.05362444642222478,0.17508450090194203,0.16000583922972808,0.06880471212635063,0.2089255699329643
2007-02-01,0.043731825727804916,0.1681371296973833,0.19066018002853014,0.1189321557232665,0.09361784604025639,0.004813517620228136,0.38010734516253053,0.06893415890417165,0.2794544046235419
2007-03-01,0.0635514760175841,0.1517296025680693,0.17420100855071752,0.13981775947223885,0.04854541134559578,0.21118061284060566,0.21097412920518888,0.0686412348869757,0.18684164910363374
2007-04-02,0.12829687720285546,0.21279708214316848,0.03589038868804414,0.24330005025588108,0.25479468128892463,0.03793591798275305,0.08698500243837316,0.06984027855318724,0.16129989273430628
2007-05-01,0.14118898886155012,0.2027104081076132,0.002483463009968244,0.058338005177607684,0.48115862031403206,0.0030971979028647937,0.11102331662636393,0.06853382828870232,0.15759907372084772
2007-06-01,0.07489357521383162,0.28943395090724455,0.021340790972352325,0.06874464761225625,0.3586358723557476,0.05926228051900168,0.12768888241956589,0.06957585873026846,0.13864621125047533
2007-07-02,0.1422791628844211,0.16158357802100312,0.017984881295961475,0.10262744848387433,0.46082095600478723,0.024153731504499044,0.09055024180545378,0.06966545322426781,0.0987494661587096
2007-08-01,0.17579662437007357,0.07273282834426077,0.0020545209648747155,0.001712586540795296,0.41427350701005566,0.20870510595311345,0.12472482681682674,0.06988854743056429,0.09186311606161518
2007-09-04,0.1667381464194365,0.037513265000978006,0.017171294445657556,0.020173480847438023,0.4669309780929184,0.16124929204021857,0.13022354315335283,0.06974123193062773,0.10971504370107658
2007-10-01,0.16202581495035218,0.0479947771163105,0.01675413522960895,0.01670087094221461,0.6481833884551904,0.023929461975481243,0.08441155133084217,0.06273423250078176,0.13752802993060445
2007-11-01,0.1897315528299562,0.0028496262329599184,0.058993623744718185,0.171709526917174,0.3018870771246686,0.2656592571786371,0.009169335971885899,0.06878970165179642,0.15413158604565896
2007-12-03,0.15851047441808974,0.06459555011765017,0.02922300238401806,0.06030546141648612,0.4295560074227124,0.24693429076949697,0.010875213471546472,0.0699396386128603,0.15076039334638955
2008-01-02,0.13670792177209928,0.08252140857133354,0.00365373445190588,0.1144526424521898,0.45010414014190075,0.19075262531721918,0.021807527293351572,0.06182448910749403,0.12349879261120211
2008-02-01,0.14180315411663955,0.02068399230933896,0.011496109368324132,0.10132516138822524,0.5171251972947183,0.19652050126478396,0.01104588425796996,0.054324919775314666,0.12352798217656112
2008-03-03,0.0976921532287837,0.0014492755081387477,0.010544795445807895,0.14942279429600566,0.4713019517084237,0.2406894570697654,0.02889957274307491,0.04663208688307575,0.10546087936509875
2008-04-01,0.029455767773919617,0.03098379840870362,0.009920841748509815,0.21211039065269438,0.5110500560443774,0.2025117863601469,0.003967359011648309,0.046076158145543354,0.08843983890720739
2008-05-01,0.04177359525752753,0.007944787392271255,0.016263618209117894,0.19226168413028896,0.658298367014073,0.07833795362461224,0.005119994372109063,0.03226181920056174,0.05551139990347882
2008-06-02,0.04946878780656183,0.03097266438568195,0.03737913581791217,0.08075666347351391,0.6750956627795665,0.07915139453300732,0.04717569120375627,0.0341086950784659,0.014740633300641777
2008-07-01,0.030906518411851467,0.01339383552052966,0.022209709538548037,0.04258593834994768,0.6438502707914131,0.2098174635229471,0.037236263864762816,0.03595811226416344,0.0025521753700457127
2008-08-01,0.013740293586400294,0.07976920907793751,0.0020792785297245155,0.02432959811767782,0.6577938847980491,0.18724737230562144,0.03504036358458941,0.033183106773398925,-0.021105056694300583
2008-09-02,0.011785080054410932,0.022108338764927713,0.05961233519287653,0.05083779811559723,0.6586793787028471,0.15785694857591753,0.03912012059342286,0.031200312420468827,0.0004961689206781811
2008-10-01,0.025698209673431196,0.009332297637602151,0.11524624329807381,0.06787293819671875,0.5291927165188535,0.24901078419133704,0.0036468104839836287,0.04933564958331639,-0.029814079822487523
2008-11-03,0.006258311000937449,0.029010836293617094,0.048758386140263385,0.05887211405044303,0.5175658264439789,0.3219668502217417,0.017567675849018253,0.05615057223934404,-0.07499473184720473
2008-12-01,0.006944866202612246,0.04051492895831118,0.011847492536375303,0.060561869390257095,0.643451169000505,0.22928997401607856,0.007389699895860553,0.048547365830494515,0.03661797204881055
2009-01-02,0.018886784151403758,0.04074649089758226,0.007136579402008482,0.03346551258631839,0.6069948684311327,0.2569356577071851,0.03583410682436912,0.062163837515161656,0.1146135050863872
2009-02-02,0.022674952244309696,0.008280698469448036,0.006081176409394526,0.06808728793206395,0.5929936985487305,0.23300174037407112,0.06888044602198225,0.06864781240409325,0.008525085856348195
2009-03-02,0.006149677979942269,0.010512430298981764,0.022418246984033684,0.15602969506962225,0.6816595137668293,0.11681137964923116,0.0064190562513593025,0.059504000748770866,-0.0212779789830273
2009-04-01,0.0014387487407555178,0.0005039726597965204,0.037177672503366115,0.1811433789095837,0.6037814443987114,0.16928192747536153,0.006672855312425304,0.06783938921872944,0.024068721301783648
2009-05-01,0.005523376421134477,0.019746052596952314,0.03292034567469726,0.23272640846393416,0.6588198031321868,0.033246200418544695,0.0170178132925503,0.06332309071651628,0.061542040408925656
2009-06-01,0.0007274756080740069,0.017385566253848857,0.04068203235297317,0.24639820603144766,0.6352328126150145,0.04519976921146602,0.014374137927175732,0.06670520854017879,0.07602778504399513
2009-07-01,0.019279696615677706,0.025090311886944185,0.021323961679640152,0.16144293792535824,0.6195240233628874,0.08922008205249735,0.06411898647699503,0.06612493166124254,-0.01553530376378644
2009-08-03,0.023048325702261726,0.059959178829439325,0.025066140649321864,0.17298466465244197,0.6359832206227778,0.06382770492792482,0.019130764615832577,0.06278098312462835,0.09177306882201611
2009-09-01,0.10433737815506484,0.015292246446656537,0.009960714201721,0.17975093294689853,0.5874007369571742,0.088801670443793,0.014456320848691877,0.06502489340339243,0.20494191156522074
2009-10-01,0.0895661895178927,0.002133288277699116,0.02687616650192286,0.24044768462422456,0.4855667792043736,0.05992780001700876,0.0954820918568784,0.06893600733198765,0.23491515857225548
2009-11-02,0.0007757671189043233,0.15289235610096963,0.003785837710805824,0.2793577518567039,0.4371547208001195,0.016994491311152247,0.10903907510134449,0.06967093620508423,0.1891547240080234
2009-12-01,0.00918496178450634,0.13395331016997492,0.04936595987905201,0.3487612103332894,0.34010299056570664,0.101895736540889,0.016735830726581597,0.06359384695126626,0.17755068368049468
2010-01-04,0.009668233581771657,0.005419746622414333,0.10268338008770916,0.15919541831396566,0.44633628355985083,0.07059193267946119,0.20610500515482716,0.06860765195522421,0.18439843818564616
2010-02-01,0.0315684755969519,0.015880895074294514,0.10591279624235073,0.18233135515529264,0.45903935494519643,0.028602519953586095,0.17666460303232762,0.06821129276689504,0.10391189717310452
2010-03-01,0.10992934869965282,0.008853123778282445,0.1047489577155618,0.2879405809242996,0.45997990031299113,3.0490334806531455e-05,0.028517598234405694,0.06358595382937532,0.10629127302997052
2010-04-01,0.07375742828870864,0.026231878198433197,0.09193067941724063,0.13612216602999078,0.44790265925400585,0.041374877244590554,0.1826803115670304,0.06843964998165865,0.11765096276163751
2010-05-03,0.023502674636518964,0.03575439270355283,0.18236390174778966,0.33947466836332174,0.07433513868924367,0.2344423270093155,0.11012689685025763,0.06935204962740205,0.17205227321976746
2010-06-01,0.0019284981317963133,0.01559747147290488,0.11620379405638727,0.032537811788268325,0.3522090750656365,0.26150890629245976,0.22001444319254693,0.059264283610944206,0.05753040945695151
2010-07-01,0.004076189025362092,0.01564385584529468,0.05756106720942174,0.17751837511919766,0.5207117677549685,0.21145543023602395,0.013033314809731222,0.031934893057348,0.09649121939002353
2010-08-02,0.040288874961141946,0.050349085964209075,0.1616765515613037,0.14129994680078226,0.22746602421991796,0.34372260394942644,0.03519691254321857,0.06269920654078766,0.16722568766605644
2010-09-01,0.1782434884109252,0.015598708614964681,0.019717382563178953,0.24903204429995215,0.0953093656323185,0.39491147136707777,0.04718753911158286,0.06228375856104222,0.19822093638910823
2010-10-01,0.052752244495734464,0.026388565106276476,0.08551211796786015,0.1621348700670138,0.1725747559406771,0.32381217765176307,0.17682526877067506,0.06545146783947395,0.16432395595103133
2010-11-01,0.044567881743234984,0.008495128875774456,0.14478759987513726,0.31308358865047775,0.031986215144886004,0.3592936293244945,0.09778595638599501,0.06952054058284252,0.1358161542667028
2010-12-01,0.09372371162426746,0.14314129904312659,0.048217906016857784,0.3433526937510789,0.12954520479343185,0.22711211300009623,0.014907071771141254,0.06994004662801319,0.15194741278764887
2011-01-03,0.011626929387878899,0.0019923997243911206,0.0548881697050815,0.30763361251080545,0.2635146648774314,0.01791611350234517,0.34242811029206643,0.06528034915257308,0.19569121850294766
2011-02-01,0.05836400634157865,0.027797515169428744,0.06133657190895334,0.23231603964832506,0.2986305265124777,0.010011868914608717,0.3115434715046279,0.0648361169108076,0.12814304712685198
2011-03-01,0.07903959876646546,0.11237678260653508,0.10252065500512761,0.1256616637859738,0.38102903902415514,0.0026772859335606296,0.1966949748781823,0.06779784200354301,0.18338414273817735
2011-04-01,0.07240012532198399,0.018274685891214334,0.1385835003839139,0.2747677204498616,0.21855842916511273,0.003669172869360147,0.2737463659185534,0.06905389365782053,0.13194154842368178
2011-05-02,0.05288994824315485,0.04089870912623013,0.02687620244708626,0.30895292677437286,0.146617954803807,0.03253344767187748,0.3912308109334714,0.06856111755650691,0.1545406977394943
2011-06-01,0.027235728827235507,0.04164210480456569,0.18202370394608863,0.2554334170626605,0.17133136000175447,0.024248517761123172,0.298085167596572,0.06513646755105394,0.1704810821827004
2011-07-01,0.0378519348579397,0.0032608277611815275,0.23886889994274724,0.15434881585232899,0.14290786192919783,0.17637610741947984,0.24638555223712486,0.06445918968099454,0.0835886881710805
2011-08-01,0.06133854030909125,0.11827248208741847,0.038774797993825307,0.3618198460765955,0.09054247536865727,0.3193224088934405,0.009929449270971709,0.05705448039854318,0.11089523670134985
2011-09-01,0.09105204381367356,0.007704863326357807,0.023176919952473098,0.31199491710901645,0.2617846624385752,0.3039574081527388,0.0003291852071650891,0.06701683038396021,0.12594854863926092
2011-10-03,0.0017120197534510352,0.03445803615166432,9.187575717369213e-06,0.22274635922007746,0.4735465669226953,0.20891994144601195,0.058607888930382615,0.04881595143781055,0.12066363946952843
2011-11-01,0.006752138169522487,0.0035941683622830885,0.032116060624486444,0.23083175462879288,0.48502785808889803,0.22793453619076431,0.013743483935252866,0.05992567557305269,0.12800594927746653
2011-12-01,0.038826904386167704,0.09421569409786804,0.010332398442561912,0.1578769405571797,0.35565287074351365,0.2974393320691155,0.04565585970359354,0.06081154632042943,0.0792715399941988
2012-01-03,0.026419710313986072,0.02132228537383768,0.04079567273069007,0.035062196886781576,0.34006412247993884,0.37330119685647906,0.16303481535828662,0.06978760811194333,0.16710757026715498
2012-02-01,0.032853460188442346,0.037357840517877744,0.01123897211065306,0.2504524963093674,0.17556414866224881,0.2928719562943416,0.19966112591706905,0.06993493749944668,0.1515508426693317
2012-03-01,0.014405311728063773,0.038822529583369986,0.020725875395722983,0.17621091473833847,0.1850986508174032,0.2697707061223442,0.2949660116147574,0.06146960638383999,0.16292733382932179
2012-04-02,0.044533423188419366,0.0036774733923868805,0.1194701821072353,0.20365138625629906,0.20872591382804148,0.20116085329498407,0.21878076793263387,0.06949971264358158,0.1919891931634142
2012-05-01,0.011601198739930343,0.045809201836102854,0.06038145258778162,0.0604294717335274,0.2012866110542022,0.25509141137246333,0.3654006526759922,0.0696345786401735,0.13955576904877032
2012-06-01,0.005679808255145401,0.02647914023595316,0.23055607519766408,0.3975297164602301,0.09998878433137388,0.07656089894265407,0.16320557657697934,0.061572797887041814,0.15332074634344567
2012-07-02,0.0062068237068911855,0.09521133776266834,0.14073107117896205,0.07204010858680172,0.09590145503502455,0.3219979461559325,0.2679112575737196,0.05982250975300631,0.12464127827016332
2012-08-01,0.01577592906645675,0.055832137218296586,0.10483347206981944,0.3048892982088237,0.057448599445718514,0.3392673062490334,0.12195325774185162,0.05116834412803431,0.12252571071574891
2012-09-04,0.014578600040343836,0.024460693919905654,0.14672009704536512,0.1493661788287922,0.052041903212832266,0.29390058396387103,0.3189319429888899,0.05882247759736801,0.11576097594017164
2012-10-01,0.04861076478191313,0.022239994413270004,0.1574066738460219,0.23579762084430492,0.001554482727227512,0.2903181552950647,0.24407230809219782,0.055867612659540794,0.11496385342643947
2012-11-01,0.0033471561731675706,0.08337348748396013,0.2236738286617987,0.3807568655169915,0.010187332036391716,0.273180319263977,0.02548101086371327,0.04874993315667096,0.10182853004098784
2012-12-03,0.029955430408526065,0.3405308968419072,0.11851032792777193,0.2844246763873938,0.03489540441305269,0.18189206091521998,0.009791203106128347,0.06473060568662,0.17771709374391115
2013-01-02,0.3292956774836978,0.08236938355248145,0.018941477080800274,0.22366524965128004,0.09612148540015034,0.12808138727563909,0.1215253395559511,0.06999280999306044,0.13652555154147875
2013-02-01,0.0324067473664578,0.40271777457689717,0.1955484344160511,0.04406324681049573,0.3052036771839332,0.014768517351573975,0.005291602294591061,0.06956616913896901,0.17010201059515548
2013-03-01,0.19308294092245376,0.20578705713507758,0.02786461096394213,0.24479805712940383,0.07893966062186097,0.06510467842061161,0.1844229948066499,0.06930845832776324,0.13910528923292195
2013-04-01,0.02612198904715957,0.18895079963185768,0.12658812330310212,0.055598219256078406,0.2965957505470843,0.011847450942330256,0.29429766727238765,0.06647917349673789,0.1344685661186169
2013-05-01,0.04645912921763243,0.2507975859692588,0.14924904920875343,0.06518311097171761,0.012151874005756224,0.2379799167800739,0.2381793338468075,0.06512588805871583,0.19826780315285975
2013-06-03,0.06800322551854711,0.12954294071677008,0.09818758184783717,0.0036854465936753413,0.11426554280633454,0.1640067936325407,0.422308468884295,0.06992927500496494,0.1569890146850745
2013-07-01,0.004059557177325671,0.10580721158138577,0.014760587401826102,0.03196685383931415,0.4467420654285503,0.09727766068591373,0.2993860638856845,0.051271048090447385,0.049007400347525494
2013-08-01,0.0022069487218272827,0.052938444236573595,0.1061707353077295,0.22170562368349075,0.2475462356192115,0.049613615629038724,0.3198183968021288,0.06673938681612403,0.06829926197463795
2013-09-03,0.021444070489848834,0.16189837585039696,0.03613598473766369,0.12765352890566348,0.4007136838329216,0.027151473216895733,0.22500288296660959,0.06098610414278165,0.02273334538235275
2013-10-01,0.004135353745027238,0.27273838971439524,0.04388362744197854,0.016497508159242138,0.4581003800420916,0.0484197806300925,0.15622496026717272,0.06629455084326638,0.07380902570874275
2013-11-01,0.04849657875145069,0.25492938692715256,0.02056223485295058,0.012369112710438638,0.5063509575703148,0.007315459728629307,0.14997626945906334,0.0654909998381752,0.07569824297731816
2013-12-02,0.014308794685842586,0.20711105792942505,0.019278985101947456,0.0052151567511287125,0.5339681267434854,0.0027445982588071077,0.2173732805293636,0.05855732036196104,0.09670017912122306
2014-01-02,0.007824458277311423,0.0827475137342234,0.011479903310540619,0.04785170363703397,0.2900799120401401,0.027891042621509644,0.5321254663792407,0.06584715308198652,0.1840133604896786
2014-02-03,0.0018586478753479265,0.07787398058683699,0.061282317165662,0.2968150557692882,0.0004867422462974223,0.2779774903910585,0.28370576596550895,0.06909314172378958,0.08844594174791684
2014-03-03,0.025782979474233577,0.1904758457329946,0.058924573330046,0.11679978159929248,0.09547235906751259,0.24164354056599238,0.2709009202299284,0.06952412964498078,0.1849772844678444
2014-04-01,0.01475195269003473,0.018638729813932196,0.12626828937485512,0.3659748532980447,0.09173539754683067,0.00406593497471014,0.37856484230159254,0.06197003157980882,0.13730423729358684
2014-05-01,0.07606844706441743,0.08797810114709347,0.1271433210535117,0.01808533978027581,0.022062287936394157,0.3861669704152909,0.2824955326030166,0.0653633896635153,0.11440309267900332
2014-06-02,0.004746213554809802,0.2372843985794923,0.17321837943407695,0.1300982872897612,0.015134376799586114,0.30319340041173976,0.13632494393053382,0.05665599378725876,0.19074517931222526
2014-07-01,0.009310698141139833,0.033325014066644,0.22147422797385793,0.07052705176110263,0.026176367826025757,0.5259856288036764,0.1132010114275535,0.05564200832263048,0.22533176287353632
2014-08-01,0.2618439229703096,0.11439090668936945,0.20483067337906688,0.014334747661561441,0.008545348661862807,0.21248371305211544,0.18357068758571438,0.06731943188368353,0.22847824498213976
2014-09-02,0.2787242493286045,0.01842800289932927,0.16796413737627042,0.08399713823668206,0.12153511573368467,0.2846779090000292,0.04467344742539992,0.05129125526639424,0.1937038116169078
2014-10-01,0.04242413717541964,0.04600813715415821,0.016618384154338993,0.310113440349665,0.01921468894902023,0.5040074635397097,0.06161374867768822,0.05957914868081122,0.11018035473736988
2014-11-03,0.0658494762899509,0.003579505306132535,0.22683094103873824,0.12118898448620681,0.044893368152546076,0.5201931053366965,0.017464619389728896,0.06279057460051311,0.12417566778152378
2014-12-01,0.030671234409942596,0.004047811815638643,0.10446417274809482,0.1036058242693954,0.07001665406028314,0.3287422628074185,0.35845203988922686,0.05304410421543518,0.1371813674598292
2015-01-02,0.03289437093391962,0.049641197152458905,0.05608171224642551,0.10092056309473223,0.054354709321720374,0.4041292812981194,0.3019781659526239,0.056107581826946404,0.12559292327420704
2015-02-02,0.02018761818288968,0.04926972012199206,0.14746736824358267,0.0010811336048104922,0.06387204365444668,0.3902534272147791,0.3278686889774994,0.05979239576368412,0.218814399998865
2015-03-02,0.008567288593100469,0.01724720560363607,0.1101218380956775,0.05230927084657381,0.0012318656925094814,0.3626547841375943,0.44786774703090837,0.06587133313185005,0.15710874788089532
2015-04-01,0.03750291803154064,0.035316429157438746,0.20364860047665737,0.03557850917185329,0.28128917905646583,0.3745108981641581,0.032153465941885874,0.06970559927119571,0.1599794521527628
2015-05-01,0.05557105592606691,0.2859623669563954,0.010818400568291558,0.1283001941727045,0.1351659476200574,0.2982374417898074,0.08594459296667688,0.06900936487172062,0.09543647617222037
2015-06-01,0.008958658198651236,0.27357622230497336,0.0071078696693461715,0.0745728352585653,0.32289212728820077,0.0699163915379551,0.242975895742308,0.06844411107389692,0.056319173364775564
2015-07-01,0.06060682716746368,0.34944974787171784,0.000708646261989113,0.3398493136806606,0.23140374041761202,0.004971086196995447,0.013010638403561384,0.06704951629487003,0.03656292679465665
2015-08-03,0.04225813392995427,0.1949794275597785,0.019149202413633826,0.011844242893472717,0.48129513903000704,0.0008526365306218551,0.24962121764253176,0.06267134227696923,0.04239860717198821
2015-09-01,0.007232787537415841,0.030072044944912182,0.00204421590383964,0.07768005450295322,0.7090208175976325,0.13548971649415156,0.03846036301909499,0.03050521472833302,-0.019257033113119246
2015-10-01,0.0006766299659143633,0.04345213386353503,0.030764345548237555,0.006986980025090579,0.760774376917843,0.11319360146125935,0.04415193221812026,0.023934890486009084,-0.02899460189644408
2015-11-02,0.020125248037813875,0.0005320388518401825,0.08334290596207411,0.11995583703367034,0.6721301261338728,0.016097731642232466,0.08781611233849623,0.03104666620259677,-0.00677389962643842
2015-12-01,0.0030117312864568905,0.006858502948031928,0.06579182695699147,0.13616871201502487,0.48817658731578556,0.20489662723895455,0.09509601223875458,0.03966478934304512,0.0025324286619984792
2016-01-04,0.0070175798766341805,0.007632588841088622,0.0497279001571215,0.24657872406036846,0.2240928321976131,0.3409935517689666,0.12395682309820755,0.057903963944535036,0.036761622817410924
2016-02-01,0.007517076883132179,0.002087212800795405,0.09083634419888045,0.13270204235153965,0.5603384904999882,0.19912348582480907,0.007395347440855078,0.038001307423054125,0.010415378006115212
2016-03-01,0.007625879181836191,0.05272604792801127,0.15008473475167827,0.056570950640138874,0.24192857865366707,0.3002913235780453,0.19077248526662288,0.06325363388471802,0.06232595130834521
2016-04-01,0.01665053075816062,0.00350938509042535,0.18427187689265942,0.41972692096122055,0.049034895742315406,0.2844466596852874,0.04235973086993133,0.062705396233424,0.12089607537884077
2016-05-02,0.05336844881337522,0.0052520033959140774,0.11087388305830807,0.1324167645706961,0.1330517151424146,0.4076581279196164,0.15737905709967553,0.06319129535015279,0.07137582825727586
2016-06-01,0.002980629802361355,0.007645171460917799,0.12263866806895996,0.3660194414898762,0.05923760920865463,0.32527208014757353,0.11620639982165663,0.05782796651144934,0.08685158380630295
2016-07-01,0.12493383218418994,0.004985805825439225,0.1199475780588105,0.19758594342107486,0.07281468273183911,0.3611462834828848,0.1185858742957615,0.06215943441382507,0.20945638193458202
2016-08-01,0.05679907381270929,0.028260868938807915,0.14702694800913335,0.10651388548359879,0.08198405017430775,0.2799951163299832,0.2994200572514596,0.06543912644058984,0.2523274230098288
2016-09-01,0.13092239026773594,0.015503563544006718,0.1261404532027243,0.25302746382957214,0.00015489139245905732,0.2612472213323833,0.2130040164311185,0.06359362980438914,0.22049965318467235
2016-10-03,0.032362784661909186,0.07431655959153867,0.10704701551419966,0.2937374914745728,0.011396873072065826,0.23164606168328816,0.2494932140024257,0.0676051657031452,0.11391013272952194
2016-11-01,0.13542444541070017,0.04092349773395148,0.024479194439293354,0.3503966321309078,0.038240805228394216,0.2113493670889425,0.19918605796781025,0.06817923997636292,0.0673506885239946
2016-12-01,0.15230946392234185,0.002162668551145524,0.0016881866093492802,0.08292125768538043,0.40898086005627604,0.04091978537974711,0.31101777779575984,0.06609684170103157,0.0560702460999891
2017-01-03,0.0242619216593822,0.290895700480301,0.030861024039990567,0.025871680471433726,0.3508385469005851,0.028035031158721198,0.2492360952895863,0.060872236798873464,0.04973765996444498
2017-02-01,0.1793953776239024,0.04058954332057766,0.00878529352824176,0.005551943623521328,0.49938456999769115,0.004423503978872591,0.2618697679271931,0.05691727526106365,0.0459531389751604
2017-03-01,0.06057786153129833,0.19947546024025214,0.019581598155490924,0.00310893001044579,0.38319909658220863,0.005194541716504191,0.32886251176379994,0.05962586574700746,0.08282286981827075
2017-04-03,0.045709957600267206,0.28407456532881437,0.21375218117159253,0.010259485505840459,0.09816696235109036,0.03401253354566681,0.3140243144967282,0.06998517875131548,0.10297557901142071
2017-05-01,0.0032628530698276177,0.3497608378372507,0.09051684874814189,0.10000378410162185,0.03263036059899505,0.009609323679449179,0.4142159919647137,0.06631607258931167,0.21077370746294632
2017-06-01,0.2336880774639802,0.3275362932953928,0.022355045412847843,0.20415527294484234,0.004149790627901856,0.17468101845891368,0.03343450179612122,0.06487973573809047,0.24426489014591446
2017-07-03,0.27110865950223767,0.2977531143943736,0.0056817725678747055,0.006443332152601974,0.0895892576837287,0.06843349850751468,0.2609903651916686,0.0695901034011784,0.21690439566620295
2017-08-01,0.2924675271775948,0.383921244006716,0.06368443477814374,0.2291036723673765,0.023156346501011543,0.0031695174915572282,0.004497257677600119,0.06784468874584892,0.22889532318146058
2017-09-01,0.3531013213842339,0.2880766209698069,0.02917985089966807,0.01886890887273046,0.17703424984335964,0.1337348472786562,4.200751544823181e-06,0.06752379417236107,0.19476511795914575
2017-10-02,0.22764304029539786,0.3939588338119005,0.027523765258088913,0.034656527420517814,0.03233421321290551,0.1826066508881158,0.10127696911307356,0.06316805765149021,0.18003120146332696
2017-11-01,0.3619717703016988,0.28648110234206753,0.09769356932726403,0.09030549115776429,0.038929231951857574,0.11637076200696693,0.008248072912380708,0.06719759647216954,0.17807289728454256
2017-12-01,0.24218065518484608,0.11962282290357301,0.14417768857723418,0.05039054245996889,0.06273743732204172,0.027557835933531658,0.3533330176188045,0.06327421705590358,0.15212750961517588
2018-01-02,0.275680372938417,0.11665935006363189,0.0546636171240881,0.11954566678031954,0.0036048977574971506,0.030892877621588512,0.39895321771445785,0.06342281885648046,0.1919382833717035
2018-02-01,0.11667476012171484,0.013345907536304547,0.08607766125539575,0.058294911255010934,0.04811940769471672,0.027330324397204127,0.6501570277396531,0.061839061387133104,0.2156337639872675
2018-03-01,0.01706385957518682,0.15816879684611898,0.04133839080907814,0.02542495110244429,0.2401240817740341,0.13222161049610417,0.38565830939703344,0.0689231261021005,0.07131772750232018
2018-04-02,0.19320913240946253,0.04820055543936315,0.0025850613391996606,0.038818163329009794,0.3974283834141716,0.1681270669399099,0.15163163712888317,0.06313041874812936,0.044454772886334315
2018-05-01,0.006885082378046317,0.11592300889915164,0.010755396297464734,0.018968330833241943,0.5795049590696589,0.0013504770723743135,0.2666127454500621,0.05603839390386013,0.017647775039191974
2018-06-01,0.1381377336804443,0.01396247167806952,0.0238947474676604,0.0019668893579554963,0.5805387148902995,0.016626250199401095,0.22487319272616962,0.06291213233159836,0.017180149378484784
2018-07-02,0.002365344708659809,0.158689846124825,0.00628348524244952,0.001450149915516067,0.49184897357308216,0.04199013964826306,0.2973720607872043,0.06578850286965605,0.0013711773721632836
2018-08-01,0.0010481639619535981,0.006526515103935629,0.21333151574886555,0.000983626707469431,0.3048541071751071,0.18985964503121902,0.2833964262714497,0.06996460648501879,0.03881359546239819
2018-09-04,0.08623738696300472,0.08309537558444928,0.32640657033885095,0.12648689154241774,0.0005478924093738766,0.20069617961228034,0.17652970354962313,0.0696781155460608,0.12072658733507688
2018-10-01,0.031248097344443747,0.17713330844801706,0.05993416812220854,0.05528414773358378,0.01639414764897942,0.12291313130672407,0.5370929993960435,0.0698927234591785,0.13970500810192849
2018-11-01,0.00852375770038691,0.03531876584458381,0.11358750448756393,0.012976201383547405,0.4909721195144934,0.09437859322630535,0.24424305784311923,0.04166965161577443,0.012706411188657224
2018-12-03,0.009790624574507691,0.00693837794559402,0.1347230262439499,0.018822315598362508,0.6830538267677988,0.13622570079873073,0.010446128071056354,0.025332998618347598,0.01479421457152869
2019-01-02,0.010805117316461018,0.00024059958259277448,0.055999841669030395,0.16332764406262193,0.48502896424475817,0.25156274084228947,0.03303509228224622,0.03049119163413356,0.01040907015678356
2019-02-01,0.0879125746257666,0.02995793325856115,0.1779454795202624,0.31717992144479956,0.12320710638015886,0.24353610860238084,0.020260876168070666,0.0539798889753083,0.04825071474685183
2019-03-01,0.24046633344938495,0.025542177713030013,0.046080769636649005,0.3708540215044583,0.2835447726207168,0.01579568550031723,0.017716239575443687,0.06473034634502316,0.038493623294010786
2019-04-01,0.006249350979731479,0.023111307768279896,0.15180005347098283,0.15838642871663075,0.2964144621858014,0.33320747851928145,0.030830918359292237,0.044189962591515836,0.1262684000695163
